"漢字","白話字","日語","華語","英語","分類"
"中央尾溜毛","tiong-ng-bóe-liu-mo͘","中央尾羽（ちゅうおうおばね）","","central tail-feathers, central rectrices","尾 bóe"
"塌尾","lap-bóe","凹尾（おうび）","","emarginated","尾 bóe"
"剪仔尾","chián-á-bóe","鋏尾（きょうび）","","forficated tail","尾 bóe"
"燕仔尾","ìⁿ-á-bóe","燕尾（えんび）","","forked tail","尾 bóe"
"噗尾","phok-bóe","凸尾（とつび）","","graduated tail","尾 bóe"
"外尾溜毛","gōa-bóe-liu-mo͘","外側尾羽（そとがわおばね）","","outer tail-feathers, lateral rectrices","尾 bóe"
"尖尾","chiam-bóe","尖尾（せんび）","","pointed tail","尾 bóe"
"尾","bóe","尾（お）","尾羽","rectrices, tail","尾 bóe"
"圓尾","îⁿ-bóe","円尾（丸尾、まるび）","","rounded tail","尾 bóe"
"角仔尾","kak-á-bóe","角尾（かくび）","","square tail","尾 bóe"
"尾筒","bóe-tâng","尾筒（びとう）","","tail coverts","尾 bóe"
"尾溜毛","bóe-liu-mo͘","尾羽（おばね）","","tail feathers","尾 bóe"
"串尾","chhoàn-bóe","吹流し（ふきながし）","","train","尾 bóe"
"櫼仔尾","chiⁿ-á-bóe","楔尾（くさびお）","","wedge-shaped tail","尾 bóe"
"腹肚","bak-tó͘","腹（はら）","腹","abdomen, belly","身軀 sin-khu"
"尻脊骿","kha-chiah-phiaⁿ","背（せ）","背","back, mantle","身軀 sin-khu"
"尻脊骿","kha-chiah-phiaⁿ","上背（じょうはい）","上背","back, mantle, upper mantle","身軀 sin-khu"
"胸坎邊","heng-khám-piⁿ","胸側（きょうそく）","","breast-side","身軀 sin-khu"
"胸坎","heng-khám","胸（むね）","上胸","chest, upper breast","身軀 sin-khu"
"尻川斗","kha-chhng-táu","","","femoral tract","身軀 sin-khu"
"胳下空","koh-ē-khang","脇（わき）","脇","flank","身軀 sin-khu"
"下胸坎","ē-heng-khám","","下胸","lower breast","身軀 sin-khu"
"下尻脊骿","ē-kha-chiah-phiaⁿ","下背（かはい）","下背","lower mantle","身軀 sin-khu"
"腰","io","腰（こし）","腰","rump","身軀 sin-khu"
"肩胛","keng-kah","肩（かた）","","shoulder","身軀 sin-khu"
"身軀邊","sin-khu-piⁿ","体側（たいそく）","","sides","身軀 sin-khu"
"尻川口","kha-chhng-kháu","","泄殖口","vent","身軀 sin-khu"
"腕","óaⁿ","","腕","wrist","身軀 sin-khu"
"跤","kha","足（あし）","腳","foot","跤 kha"
"跤後指","kha-āu-chéng","後趾（こうし）","後趾","hind toe","跤 kha"
"後肢","āu-ki","後肢（こうし）","","hindlimb","跤 kha"
"跤內指","kha-lāi-chéng","内趾（ないし）","","inner toe","跤 kha"
"跤","kha","脚（あし）","","leg","跤 kha"
"肢","ki","肢（あし）","","limb","跤 kha"
"跤瓣","kha-bān","弁足（べんそく）","","lobate foot","跤 kha"
"跤瓣膜","kha-bān-mo̍͘h","弁膜（べんまく）","","lobe","跤 kha"
"跤中央指","kha-tiong-ng-chéng","中趾（ちゅうし）","","middle toe","跤 kha"
"跤爪","kha-jiáu","爪（つめ）","爪","nail, claw","跤 kha"
"跤外指","kha-gōa-chéng","外趾（がいし）","","outer toe","跤 kha"
"跤蹼","kha-pok","蹼足（ぼくそく）","","palmate foot","跤 kha"
"跤長","kha-tn̂g","距（けづめ）","","spur","跤 kha"
"跤長","kha-tn̂g","足距","","tarsal spur","跤 kha"
"跤盤","kha-pôaⁿ","跗蹠（ふしょ）","跗蹠","tarsus","跤 kha"
"腿","thúi","腿（もも）","","thigh","跤 kha"
"跤胴","kha-tâng","脛","脛","tibial","跤 kha"
"跤胴毛","kha-tâng-mo͘","","","tibial feathers","跤 kha"
"跤後蹬","kha-āu-teⁿ","踵（かかと）","","tibio-tarsal articulation, ancle","跤 kha"
"跤指頭仔","kha-chéng-thâu-á","趾（あしゆび）","趾","toe","跤 kha"
"蹼","pok","蹼（みずかき）","蹼","web","跤 kha"
"下喙跤","ē-chhùi-kha","下嘴角（かしかく）","","angle of gonys","頭 thâu"
"耳毛","hīⁿ-mo͘","","耳羽","auriculars","頭 thâu"
"喙底","chhùi-té","嘴底","","base of bill","頭 thâu"
"喙蓋","chhùi-kòa","くちばし","嘴鋒","beak","頭 thâu"
"喙","chhùi","嘴（くちばし）","嘴喙","bill","頭 thâu"
"喙長","chhùi-tn̂g","嘴長","嘴長","bill length","頭 thâu"
"硬毛","ngē-mo͘","","剛毛","bristle","頭 thâu"
"蠟膜","la̍h-mo̍͘h","蝋膜（ろうまく）","蠟膜","cere","頭 thâu"
"喙䫌","chhùi-phóe","頬（ほお）","頰","cheeks","頭 thâu"
"下頦","ē-hâi","顎（あご）","頦","chin","頭 thâu"
"喙空","khih-khang","","嘴裂","commissure","頭 thâu"
"頭殼毛","thâu-khak-mo͘","冠羽（かんう）","羽冠","crest","頭 thâu"
"頭殼","thâu-khak","頭上（とうじょう）","頂冠","crown","頭 thâu"
"喙蓋","chhùi-kòa","嘴峰（しほう）","嘴峰","culmen","頭 thâu"
"喙蓋長","chhùi-kòa-tn̂g","嘴峰長（しほうちょう）","嘴峰長","culmen length","頭 thâu"
"喙縫","chhùi-phāng","嘴縁（しえん）","","cutting edge, tomia of cutting edge","頭 thâu"
"耳毛","hīⁿ-mo͘","羽角（うかく）","","ear-tufts","頭 thâu"
"鼻空外","phīⁿ-khang-gōa","外鼻孔（がいびこう）","外鼻孔","external nostril","頭 thâu"
"目睭","ba̍k-chiu","眼（め）","眼","eye","頭 thâu"
"目箍","ba̍k-kho͘","囲眼羽（いがんう）","眼圈","eye-arcs, eye-ring","頭 thâu"
"目睭線","ba̍k-chiu-sòaⁿ","過眼線（かがんせん）","眼線","eye-line, eye-stripe","頭 thâu"
"面","bīn","顔","臉","face","頭 thâu"
"面模仔","bīn-bô͘-á","顔盤（がんばん）","顏盤","facial discs","頭 thâu"
"額頭","hia̍h-thâu","額（ひたい）","額","forehead","頭 thâu"
"頭額板","thâu-hia̍h-pán","","額板","frontal shield","頭 thâu"
"喙空","chhùi-khang","口角（こうかく）","","gape, angle of mouth","頭 thâu"
"喙斑","chhùi-pan","","","gonydeal angle","頭 thâu"
"喙底線","chhùi-té-sòaⁿ","嘴底線（していせん）","","gonys","頭 thâu"
"嚨喉袋仔","nâ-âu-tē-á","","喉囊","gular pouch","頭 thâu"
"後擴","āu-khok","後頭（こうとう）","枕","hind head, occiput","頭 thâu"
"頭殼頂","thâu-khak-téng","頭頂（とうちょう）","頭頂","hood, pileum, top of head","頭 thâu"
"鼻空內","phīⁿ-khang-lāi","内鼻孔（ないびこう）","内鼻孔","internal naris","頭 thâu"
"眼簾","gán-liâm","虹彩 （こうさい）","虹膜","iris","頭 thâu"
"鼻瘤","phīⁿ-liû","鼻瘤（はなこぶ）","鼻瘤","knob","頭 thâu"
"喙齒板","chhùi-khí-pán","板歯（ばんし）","","lamellae","頭 thâu"
"頭邊線","thâu-piⁿ-sòaⁿ","頭側線（とうそくせん）","頭側線","lateral crown-stripe","頭 thâu"
"喉邊線","âu-piⁿ-sòaⁿ","","","lateral throat-stripe","頭 thâu"
"目睭前","ba̍k-chiu-chêng","眼先（めさき）","眼先","lore","頭 thâu"
"下喙蓋","ē-chhùi-kòa","嘴峰（しほう）","下嘴鋒","lower culmen","頭 thâu"
"下顎","ē-ko̍k","下嘴（かし）","","lower mandible","頭 thâu"
"嚨喉線","nâ-âu-sòaⁿ","顎線（がくせん）","顎線","malar stripe, maxillary line","頭 thâu"
"喙䫌","chhùi-phóe","","頰區","malar, malar area","頭 thâu"
"頭中線","thâu-tiong-sòaⁿ","頭央線（とうおうせん）","頭央線","median crown-stripe","頭 thâu"
"嚨喉線","nâ-âu-sòaⁿ","腮線（さいせん）","顎線","mesial stripe","頭 thâu"
"喙䫌線","chhùi-phóe-sòaⁿ","頬線（ほおせん）","頰線","mustache stripe, moustachial stripe","頭 thâu"
"喙鉸剪","chhùi-ka-chián","嘴爪（はしづめ）","嘴甲","nail, nail of bill","頭 thâu"
"鼻溝","phīⁿ-kau","鼻溝（びこう）","鼻溝","nasal groove","頭 thâu"
"喙毛","chhùi-mo͘","嘴毛（しもう）","嘴毛","nasal hairs","頭 thâu"
"鼻孔毛","phīⁿ-khang-mo͘","鬚（ひげ）","","nasal tuft, nasal bristles","頭 thâu"
"瞬膜","sùn-mo̍͘h","瞬膜（しゅんまく）","瞬膜","nictitating membrane","頭 thâu"
"鼻空","phīⁿ-khang","鼻孔（びこう）","鼻孔","nostril, naris","頭 thâu"
"目睭部","ba̍k-chiu-pō͘","囲眼部（いがんぶ）","","orbital area","頭 thâu"
"目睭毛","ba̍k-chiu-mn̂g","","眼毛","orbital feather","頭 thâu"
"目箍","ba̍k-kho͘","囲眼輪（いがんりん）","","orbital ring","頭 thâu"
"妝娗毛","chng-thāⁿ-mo͘","飾り羽（かざりばね）","飾羽","plume, ornamental feather","頭 thâu"
"目睭仁","ba̍k-chiu-jîn","瞳孔 （どうこう）","瞳孔","pupil","頭 thâu"
"外喙䫌線","gōa-chhùi-phóe-sòaⁿ","外頬線（そとほおせん）","","submoustachial stripe","頭 thâu"
"目眉線","ba̍k-bâi-sòaⁿ","眉線（びせん）","眉線","supercilium, eyebrow","頭 thâu"
"目睭紋","ba̍k-chiu-bûn","","","supraloral","頭 thâu"
"嚨喉","nâ-âu","喉（のど）","喉","throat","頭 thâu"
"喉中線","âu-tiong-sòaⁿ","","喉央線","throat stripe","頭 thâu"
"喙尖","chhùi-chiam","嘴端","嘴端","tip of bill","頭 thâu"
"齒岸捅","khí-hōaⁿ-thóng","嘴縁突起（しえんとっき）","齒突","tomial tooth","頭 thâu"
"頂喙蓋","téng-chhùi-kòa","嘴峰（しほう）","上嘴鋒","upper culmen","頭 thâu"
"頂顎","téng-kok","上嘴（じょうし）","","upper mandible","頭 thâu"
"肉垂","bah-sûi","肉垂（にくすい）","肉垂","wattle","頭 thâu"
"頷箍","ām-kho͘","","頸圈","callar","頸 kún"
"頷頸前","ām-kún-chêng","前頸（ぜんけい）","","fore neck","頸 kún"
"頷頸邊","ām-kún-piⁿ","側頸（そくけい）","","lateral neck","頸 kún"
"頷頸","ām-kún","後頸（こうけい）","頸","nape, neck, hind neck","頸 kún"
"小翼股毛","sió-si̍t-kó͘-mo͘","小翼羽（しょうよくう）","小翼羽","alula, bastard wing","翼 si̍t"
"胳下空毛","koh-ē-khang-mo͘","腋羽（わきばね）","腋羽","axillaries","翼 si̍t"
"硬毛","ngē-mo͘","","剛毛","bristle","翼 si̍t"
"","","手根雨覆（しゅこんあまおおい）","","carpal covert","翼 si̍t"
"風切毛","hong-chhiat-mo͘","風切羽 （かざきりばね）","","flight feathers","翼 si̍t"
"大雨棚毛","tōa-hō͘-pêⁿ-mo͘","大雨覆（おおあまおおい）","大覆羽","greater coverts, greater wing coverts","翼 si̍t"
"初級大雨棚毛","chho͘-kip-tōa-hō͘-pêⁿ-mo͘","初列大雨覆（しょれつおおあまおおい）","","greater primary coverts","翼 si̍t"
"次級大雨棚毛","chhù-kip-tōa-hō͘-pêⁿ-mo͘","次列大雨覆（じれつおおあまおおい）","","greater secondary coverts","翼 si̍t"
"下初級大雨棚毛","ē-chho͘-kip-tōa-hō͘-pêⁿ-mo͘","下初列大雨覆（したしょれつおおあまおおい）","","greater under primary coverts","翼 si̍t"
"下大雨棚毛","ē-tōa-hō͘-pêⁿ-mo͘","下大雨覆（したおおあまおおい）","","greater underwing-coverts","翼 si̍t"
"","","上膊雨覆（じょうはくあまおおい）","","humeral coverts","翼 si̍t"
"","","上膊風切（じょうはくかざきり）","","humerals","翼 si̍t"
"邊","piⁿ","前縁（ぜんえん）","","leading edge","翼 si̍t"
"小雨棚毛","sió-hō͘-pêⁿ-mo͘","小雨覆（しょうあまおおい）","小覆羽","lesser coverts, lesser wing coverts","翼 si̍t"
"初級小雨棚毛","chho͘-kip-sió-hō͘-pêⁿ-mo͘","初列小雨覆（しょれつしょうあまおおい）","","lesser primary coverts","翼 si̍t"
"次級小雨棚毛","chhù-kip-sió-hō͘-pêⁿ-mo͘","次列小雨覆","","lesser secondary coverts","翼 si̍t"
"下初級小雨棚毛","ē-chho͘-kip-sió-hō͘-pêⁿ-mo͘","下初列小雨覆（したしょれつしょうあまおおい）","","lesser under primary coverts","翼 si̍t"
"下小雨棚毛","ē-sió-hō͘-pêⁿ-mo͘","下小雨覆（したしょうあまおおい）","","lesser underwing-coverts","翼 si̍t"
"下肩胛毛","ē-keng-kah-mo͘","","","lower scapulars","翼 si̍t"
"邊雨棚毛","piⁿ-hō͘-pêⁿ-mo͘","前縁雨覆（ぜんえんあまおおい）","","marginal coverts","翼 si̍t"
"中雨棚毛","tiong-hō͘-pêⁿ-mo͘","中雨覆（ちゅうあまおおい）","中覆羽","median coverts, median wing coverts","翼 si̍t"
"初級中雨棚毛","chho͘-kip-tiong-hō͘-pêⁿ-mo͘","初列中雨覆（しょれつちゅうあまおおい）","","median primary coverts","翼 si̍t"
"次級中雨棚毛","chhù-kip-tiong-hō͘-pêⁿ-mo͘","次列中雨覆","","median secondary coverts","翼 si̍t"
"下初級中雨棚毛","ē-chho͘-kip-tiong-hō͘-pêⁿ-mo͘","下初列中雨覆（したしょれつちゅうあまおおい）","","median under primary coverts","翼 si̍t"
"下中雨棚毛","ē-tiong-hō͘-pêⁿ-mo͘","下中雨覆（したちゅうあまおおい）","","median underwing-coverts","翼 si̍t"
"初級風切毛","chho͘-kip-hong-chhiat-mo͘","初列風切（しょれつかざきり）","初級飛羽","primaries","翼 si̍t"
"初級雨棚毛","chho͘-kip-hō͘-pêⁿ-mo͘","初列雨覆（しょれつあまおおい）","","primary coverts","翼 si̍t"
"初級風切毛捅","chho͘-kip-hong-chhiat-mo͘-thóng","","","primary projection","翼 si̍t"
"翼股毛","si̍t-kó͘-mo͘","","","remiges","翼 si̍t"
"肩胛毛","keng-kah-mo͘","肩羽（かたばね）","肩羽","scapulars, upper scapulars","翼 si̍t"
"次級風切毛","chhù-kip-hong-chhiat-mo͘","次列風切（じれつかざきり）","次級飛羽","secondaries","翼 si̍t"
"翼股鏡","si̍t-kó͘-kiàⁿ","翼鏡（よくきょう）","翼鏡","speculum","翼 si̍t"
"次肩胛毛","chhù-keng-kah-mo͘","","","subscapular","翼 si̍t"
"翼股角","si̍t-kó͘-kak","翼角（よくかく）","翼角","supraorbital tab, wing bend","翼 si̍t"
"三級風切毛","saⁿ-kip-hong-chhiat-mo͘","三列風切（さんれつかざきり）","三級飛羽","tertials","翼 si̍t"
"後邊","āu-piⁿ","後縁（こうえん）","","trailing edge","翼 si̍t"
"翼股底","si̍t-kó͘-té","翼下面（よくかめん）","","under wing","翼 si̍t"
"下尾雨棚毛","ē-bóe-hō͘-pêⁿ-mo͘","下尾筒（かびとう）","尾下覆羽","undertail coverts","翼 si̍t"
"下翼雨棚毛","ē-si̍t-hō͘-pêⁿ-mo͘","","翼下覆羽","underwing covers","翼 si̍t"
"翼股頂","si̍t-kó͘-téng","翼上面（よくじょうめん）","","upper wing","翼 si̍t"
"雨棚毛","hō͘-pêⁿ-mo͘","上雨覆（うえあまおおい）","","upper wing-coverts","翼 si̍t"
"頂尾雨棚毛","téng-bóe-hō͘-pêⁿ-mo͘","上尾筒（じょうびとう）","尾上覆羽","uppertail coverts","翼 si̍t"
"翼股帶","si̍t-kó͘-tòa","翼帯（よくたい）","翼帶","wing bar","翼 si̍t"
"","","雨覆（あまおおい）","","wing coverts","翼 si̍t"
"翼股窗","si̍t-kó͘-thang","","翼窗","wing window","翼 si̍t"